,Particle Type,Prediction
0,muon,electron
1,electron,electron
2,muon,muon
3,electron,electron
4,electron,electron
5,muon,muon
6,electron,electron
7,electron,muon
8,muon,electron
9,muon,muon
10,electron,electron
11,electron,electron
12,muon,electron
13,muon,electron
14,electron,electron
15,muon,muon
16,electron,muon
17,muon,electron
18,electron,electron
19,muon,muon
20,electron,electron
21,muon,muon
22,muon,muon
23,electron,electron
24,muon,muon
25,electron,electron
26,electron,muon
27,electron,electron
28,electron,electron
29,electron,electron
30,electron,electron
31,muon,muon
32,muon,muon
33,electron,electron
34,electron,electron
35,muon,muon
36,muon,muon
37,muon,muon
38,electron,electron
39,electron,electron
40,electron,electron
41,electron,electron
42,muon,muon
43,muon,electron
44,electron,electron
45,muon,electron
46,muon,electron
47,electron,electron
48,electron,muon
49,muon,muon
50,electron,electron
51,muon,muon
52,muon,electron
53,muon,muon
54,electron,electron
55,muon,muon
56,muon,muon
57,muon,muon
58,electron,electron
59,muon,muon
60,electron,electron
61,muon,muon
62,electron,electron
63,electron,muon
64,muon,muon
65,muon,muon
66,muon,muon
67,muon,electron
68,electron,electron
69,muon,muon
70,muon,muon
71,muon,muon
72,muon,electron
73,electron,electron
74,electron,electron
75,electron,muon
76,muon,muon
77,electron,electron
78,electron,electron
79,muon,muon
80,electron,electron
81,muon,electron
82,electron,muon
83,electron,muon
84,muon,muon
85,electron,electron
86,electron,electron
87,muon,muon
88,muon,muon
89,electron,electron
90,electron,electron
91,electron,muon
92,electron,electron
93,muon,electron
94,muon,muon
95,muon,muon
96,muon,muon
97,electron,muon
98,electron,electron
99,muon,muon
100,electron,electron
101,electron,muon
102,electron,electron
103,muon,electron
104,muon,muon
105,electron,electron
106,muon,muon
107,muon,muon
108,muon,electron
109,muon,electron
110,muon,electron
111,electron,electron
112,muon,muon
113,muon,electron
114,electron,muon
115,electron,muon
116,muon,muon
117,electron,electron
118,muon,muon
119,electron,muon
120,muon,electron
121,muon,muon
122,electron,muon
123,muon,muon
124,electron,electron
125,muon,muon
126,electron,electron
127,electron,electron
128,muon,muon
129,electron,electron
130,muon,muon
131,muon,muon
132,electron,electron
133,muon,muon
134,muon,muon
135,electron,muon
136,electron,muon
137,muon,muon
138,electron,electron
139,muon,muon
140,electron,electron
141,electron,electron
142,electron,electron
143,muon,muon
144,electron,electron
145,electron,electron
146,muon,muon
147,electron,electron
148,muon,electron
149,muon,muon
150,muon,muon
151,muon,muon
152,electron,muon
153,muon,muon
154,muon,muon
155,muon,electron
156,electron,electron
157,electron,electron
158,electron,electron
159,electron,electron
160,muon,muon
161,muon,electron
162,electron,muon
163,muon,muon
164,electron,electron
165,electron,electron
166,muon,muon
167,muon,muon
168,muon,muon
169,electron,muon
170,muon,muon
171,electron,electron
172,muon,electron
173,muon,muon
174,muon,muon
175,muon,muon
176,electron,muon
177,muon,electron
178,electron,electron
179,electron,electron
180,electron,electron
181,muon,muon
182,electron,electron
183,electron,electron
184,electron,electron
185,electron,electron
186,electron,muon
187,muon,electron
188,muon,muon
189,muon,electron
190,electron,electron
191,electron,electron
192,muon,muon
193,electron,electron
194,muon,muon
195,muon,muon
196,muon,muon
197,electron,electron
198,muon,muon
199,electron,muon
200,muon,electron
201,muon,electron
202,electron,muon
203,muon,muon
204,electron,muon
205,electron,electron
206,electron,electron
207,electron,electron
208,electron,muon
209,muon,muon
210,electron,electron
211,electron,electron
212,electron,electron
213,muon,muon
214,muon,muon
215,electron,electron
216,electron,electron
217,electron,muon
218,muon,muon
219,muon,muon
220,electron,electron
221,electron,muon
222,electron,electron
223,muon,muon
224,electron,electron
225,muon,muon
226,electron,electron
227,electron,electron
228,muon,muon
229,muon,muon
230,muon,muon
231,electron,electron
232,electron,electron
233,muon,muon
234,muon,muon
235,electron,electron
236,muon,electron
237,muon,electron
238,electron,electron
239,muon,muon
240,muon,muon
241,muon,muon
242,electron,electron
243,electron,electron
244,muon,muon
245,muon,electron
246,muon,muon
247,muon,electron
248,muon,electron
249,muon,muon
250,muon,electron
251,muon,muon
252,electron,electron
253,electron,electron
254,muon,muon
255,muon,muon
256,muon,muon
257,electron,muon
258,electron,electron
259,electron,electron
260,electron,muon
261,electron,electron
262,electron,electron
263,muon,muon
264,electron,electron
265,electron,electron
266,electron,muon
267,muon,electron
268,electron,electron
269,muon,muon
270,muon,muon
271,electron,electron
272,muon,muon
273,muon,muon
274,electron,electron
275,muon,electron
276,muon,muon
277,muon,muon
278,muon,muon
279,electron,electron
280,electron,electron
281,muon,muon
282,muon,muon
283,electron,electron
284,electron,electron
285,electron,electron
286,electron,electron
287,electron,electron
288,electron,electron
289,muon,muon
290,muon,electron
291,electron,electron
292,electron,muon
293,electron,electron
294,electron,electron
295,muon,muon
296,electron,electron
297,muon,muon
298,muon,muon
299,electron,electron
300,muon,muon
301,electron,electron
302,electron,electron
303,electron,electron
304,electron,electron
305,muon,muon
306,electron,electron
307,electron,electron
308,electron,electron
309,electron,electron
310,muon,muon
311,electron,electron
312,electron,muon
313,electron,electron
314,electron,electron
315,muon,electron
316,electron,electron
317,muon,electron
318,muon,electron
319,electron,electron
320,muon,muon
321,muon,electron
322,muon,muon
323,muon,muon
324,muon,muon
325,muon,muon
326,electron,electron
327,muon,muon
328,muon,muon
329,muon,muon
330,muon,muon
331,electron,electron
332,electron,muon
333,muon,muon
334,muon,electron
335,electron,electron
336,electron,electron
337,electron,electron
338,electron,electron
339,muon,muon
340,muon,muon
341,muon,muon
342,electron,electron
343,electron,muon
344,electron,electron
345,muon,muon
346,electron,electron
347,muon,muon
348,electron,muon
349,electron,electron
350,muon,electron
351,electron,electron
352,electron,electron
353,electron,electron
354,electron,electron
355,electron,electron
356,muon,muon
357,muon,electron
358,electron,electron
359,electron,electron
360,muon,electron
361,electron,electron
362,electron,electron
363,electron,electron
364,electron,electron
365,muon,electron
366,electron,electron
367,muon,muon
368,muon,muon
369,electron,electron
370,muon,muon
371,electron,electron
372,muon,muon
373,muon,muon
374,electron,electron
375,electron,electron
376,muon,electron
377,muon,muon
378,electron,electron
379,electron,electron
380,muon,electron
381,electron,muon
382,muon,electron
383,muon,muon
384,muon,muon
385,muon,muon
386,electron,electron
387,muon,muon
388,muon,muon
389,muon,muon
390,electron,muon
391,muon,electron
392,muon,electron
393,muon,electron
394,muon,muon
395,electron,electron
396,muon,muon
397,muon,muon
398,muon,electron
399,muon,electron
400,muon,muon
401,electron,electron
402,muon,muon
403,electron,electron
404,electron,electron
405,muon,muon
406,electron,electron
407,muon,muon
408,muon,muon
409,muon,muon
410,muon,muon
411,muon,muon
412,muon,muon
413,electron,muon
414,electron,electron
415,muon,electron
416,electron,electron
417,electron,electron
418,electron,electron
419,electron,electron
420,muon,muon
421,muon,muon
422,electron,electron
423,muon,muon
424,electron,electron
425,muon,muon
426,muon,muon
427,electron,electron
428,muon,muon
429,muon,muon
430,electron,electron
431,electron,electron
432,muon,muon
433,muon,muon
434,electron,electron
435,electron,electron
436,electron,electron
437,electron,electron
438,electron,electron
439,muon,muon
440,muon,muon
441,electron,electron
442,muon,muon
443,muon,muon
444,muon,muon
445,muon,muon
446,electron,muon
447,electron,electron
448,muon,muon
449,electron,electron
450,muon,electron
451,muon,muon
452,electron,electron
453,electron,electron
454,muon,muon
455,electron,electron
456,muon,muon
457,electron,muon
458,electron,muon
459,muon,electron
460,muon,muon
461,muon,muon
462,muon,muon
463,muon,muon
464,muon,electron
465,electron,muon
466,electron,electron
467,electron,electron
468,muon,muon
469,muon,muon
470,electron,electron
471,muon,muon
472,muon,muon
473,muon,muon
474,muon,muon
475,muon,muon
476,electron,electron
477,muon,muon
478,muon,muon
479,electron,electron
480,muon,muon
481,electron,electron
482,electron,electron
483,electron,electron
484,electron,electron
485,electron,electron
486,muon,muon
487,muon,muon
488,muon,muon
489,electron,electron
490,electron,electron
491,muon,muon
492,muon,muon
493,electron,electron
494,muon,muon
495,muon,muon
496,electron,electron
497,electron,electron
498,muon,muon
499,electron,electron
500,electron,electron
501,muon,electron
502,muon,electron
503,muon,muon
504,electron,electron
505,muon,muon
506,electron,electron
507,electron,muon
508,electron,electron
509,electron,electron
510,electron,electron
511,muon,muon
512,muon,electron
513,muon,muon
514,muon,muon
515,electron,electron
516,electron,electron
517,muon,muon
518,electron,electron
519,electron,muon
520,muon,muon
521,muon,muon
522,electron,electron
523,muon,muon
524,muon,muon
525,electron,electron
526,electron,muon
527,muon,muon
528,muon,electron
529,muon,electron
530,muon,muon
531,muon,muon
532,electron,muon
533,electron,electron
534,muon,muon
535,electron,electron
536,electron,electron
537,electron,muon
538,electron,muon
539,muon,muon
540,muon,muon
541,electron,electron
542,electron,electron
543,electron,electron
544,electron,electron
545,electron,electron
546,muon,electron
547,electron,electron
548,muon,muon
549,electron,electron
550,electron,electron
551,electron,electron
552,muon,muon
553,muon,muon
554,electron,electron
555,electron,muon
556,electron,muon
557,muon,muon
558,muon,muon
559,muon,muon
560,muon,muon
561,electron,electron
562,electron,electron
563,muon,muon
564,electron,muon
565,electron,electron
566,muon,muon
567,electron,electron
568,electron,electron
569,muon,muon
570,electron,electron
571,muon,muon
572,electron,electron
573,electron,electron
574,muon,electron
575,electron,electron
576,electron,electron
577,muon,muon
578,muon,muon
579,muon,muon
580,muon,muon
581,muon,muon
582,muon,electron
583,muon,electron
584,muon,muon
585,electron,muon
586,muon,electron
587,muon,muon
588,electron,electron
589,electron,electron
590,muon,muon
591,muon,muon
592,electron,electron
593,electron,muon
594,muon,electron
595,electron,electron
596,muon,electron
597,muon,muon
598,electron,electron
599,electron,electron
600,muon,muon
601,muon,muon
602,electron,electron
603,muon,muon
604,electron,electron
605,muon,muon
606,electron,muon
607,electron,electron
608,electron,muon
609,electron,electron
610,muon,electron
611,electron,electron
612,muon,muon
613,muon,muon
614,electron,electron
615,muon,muon
616,electron,electron
617,muon,muon
618,muon,muon
619,electron,electron
620,muon,muon
621,muon,muon
622,muon,muon
623,electron,electron
624,muon,muon
625,electron,electron
626,muon,muon
627,electron,electron
628,electron,electron
629,muon,muon
630,muon,muon
631,muon,electron
632,electron,muon
633,muon,muon
634,electron,muon
635,electron,muon
636,muon,muon
637,electron,electron
638,muon,muon
639,electron,electron
640,electron,electron
641,electron,electron
642,electron,electron
643,electron,electron
644,muon,muon
645,electron,electron
646,electron,electron
647,electron,electron
648,electron,electron
649,electron,electron
650,electron,electron
651,muon,muon
652,muon,muon
653,muon,muon
654,electron,muon
655,muon,muon
656,muon,electron
657,electron,muon
658,muon,muon
659,electron,electron
660,muon,muon
661,muon,muon
662,electron,electron
663,electron,electron
664,electron,muon
665,electron,electron
666,electron,electron
667,electron,electron
668,electron,electron
669,muon,muon
670,electron,electron
671,muon,muon
672,electron,electron
673,electron,electron
674,muon,muon
675,electron,electron
676,muon,muon
677,electron,electron
678,muon,muon
679,electron,muon
680,muon,muon
681,muon,muon
682,electron,electron
683,muon,muon
684,electron,electron
685,muon,muon
686,electron,electron
687,muon,muon
688,electron,electron
689,electron,electron
690,electron,electron
691,muon,muon
692,muon,muon
693,muon,muon
694,muon,electron
695,muon,muon
696,electron,electron
697,muon,muon
698,electron,electron
699,muon,muon
700,muon,muon
701,muon,electron
702,electron,muon
703,muon,muon
704,muon,electron
705,electron,muon
706,electron,electron
707,muon,muon
708,muon,muon
709,muon,electron
710,electron,electron
711,muon,muon
712,electron,electron
713,muon,electron
714,muon,electron
715,muon,muon
716,electron,muon
717,electron,electron
718,muon,electron
719,electron,electron
720,electron,muon
721,muon,muon
722,electron,electron
723,muon,muon
724,electron,electron
725,muon,muon
726,muon,muon
727,electron,electron
728,electron,electron
729,muon,muon
730,muon,muon
731,electron,electron
732,electron,electron
733,muon,muon
734,muon,muon
735,electron,electron
736,muon,muon
737,electron,electron
738,electron,electron
739,electron,muon
740,muon,muon
741,muon,muon
742,electron,muon
743,muon,muon
744,muon,electron
745,electron,electron
746,muon,electron
747,muon,muon
748,muon,electron
749,muon,electron
750,electron,electron
751,muon,electron
752,electron,electron
753,muon,electron
754,electron,electron
755,muon,muon
756,muon,muon
757,electron,electron
758,muon,muon
759,electron,muon
760,muon,electron
761,muon,muon
762,muon,electron
763,electron,muon
764,muon,muon
765,muon,electron
766,electron,electron
767,electron,electron
768,muon,electron
769,muon,muon
770,electron,muon
771,electron,electron
772,muon,electron
773,muon,muon
774,electron,electron
775,electron,muon
776,electron,electron
777,muon,muon
778,electron,electron
779,muon,electron
780,muon,muon
781,electron,electron
782,muon,muon
783,electron,electron
784,muon,muon
785,muon,muon
786,electron,electron
787,electron,muon
788,muon,muon
789,electron,electron
790,electron,electron
791,muon,muon
792,muon,muon
793,electron,muon
794,electron,muon
795,muon,muon
796,electron,electron
797,electron,electron
798,electron,electron
799,electron,electron
800,muon,electron
801,muon,muon
802,electron,electron
803,electron,electron
804,electron,muon
805,electron,electron
806,muon,electron
807,electron,electron
808,electron,electron
809,muon,muon
810,muon,electron
811,electron,muon
812,muon,muon
813,electron,electron
814,muon,electron
815,electron,electron
816,muon,electron
817,electron,electron
818,muon,muon
819,electron,muon
820,electron,electron
821,electron,electron
822,electron,muon
823,electron,electron
824,muon,muon
825,muon,muon
826,electron,electron
827,muon,electron
828,electron,electron
829,electron,electron
830,muon,muon
831,electron,electron
832,muon,muon
833,electron,electron
834,electron,muon
835,muon,muon
836,muon,electron
837,muon,muon
838,muon,muon
839,electron,electron
840,electron,electron
841,muon,electron
842,electron,electron
843,muon,electron
844,muon,muon
845,muon,muon
846,muon,muon
847,muon,muon
848,electron,muon
849,electron,electron
850,muon,muon
851,muon,muon
852,muon,muon
853,electron,electron
854,muon,muon
855,electron,electron
856,electron,electron
857,muon,muon
858,muon,electron
859,electron,muon
860,electron,electron
861,muon,muon
862,muon,muon
863,muon,muon
864,muon,electron
865,electron,electron
866,muon,muon
867,electron,electron
868,muon,muon
869,electron,electron
870,electron,muon
871,electron,electron
872,muon,muon
873,muon,muon
874,muon,muon
875,muon,electron
876,muon,electron
877,muon,muon
878,electron,electron
879,electron,muon
880,electron,electron
881,electron,electron
882,electron,muon
883,muon,muon
884,muon,muon
885,electron,electron
886,muon,muon
887,electron,electron
888,muon,muon
889,electron,electron
890,muon,muon
891,muon,electron
892,electron,electron
893,muon,muon
894,muon,muon
895,muon,muon
896,muon,muon
897,electron,electron
898,muon,electron
899,electron,electron
900,muon,muon
901,electron,muon
902,electron,electron
903,electron,muon
904,muon,muon
905,muon,muon
906,electron,electron
907,electron,electron
908,electron,electron
909,electron,electron
910,muon,muon
911,muon,muon
912,electron,muon
913,electron,muon
914,electron,electron
915,electron,electron
916,muon,muon
917,muon,muon
918,electron,electron
919,muon,muon
920,electron,muon
921,electron,electron
922,electron,electron
923,electron,electron
924,muon,electron
925,electron,electron
926,muon,muon
927,muon,muon
928,electron,electron
929,electron,electron
930,muon,muon
931,electron,electron
932,electron,electron
933,muon,muon
934,muon,muon
935,electron,electron
936,electron,electron
937,electron,electron
938,muon,muon
939,electron,electron
940,muon,muon
941,electron,muon
942,muon,electron
943,muon,muon
944,muon,muon
945,electron,muon
946,electron,electron
947,electron,electron
948,muon,electron
949,muon,muon
950,muon,electron
951,muon,muon
952,muon,muon
953,muon,muon
954,muon,muon
955,electron,electron
956,electron,electron
957,muon,muon
958,electron,electron
959,muon,muon
960,muon,electron
961,muon,muon
962,muon,muon
963,muon,muon
964,muon,muon
965,electron,electron
966,muon,muon
967,muon,muon
968,muon,muon
969,electron,electron
970,muon,muon
971,muon,muon
972,electron,electron
973,electron,electron
974,electron,electron
975,electron,muon
976,electron,electron
977,muon,muon
978,muon,muon
979,muon,muon
980,muon,muon
981,muon,electron
982,muon,muon
983,electron,electron
984,muon,muon
985,electron,electron
986,electron,electron
987,muon,electron
988,electron,electron
989,muon,muon
990,muon,muon
991,muon,muon
992,electron,muon
993,electron,muon
994,electron,electron
995,muon,muon
996,muon,muon
997,muon,muon
998,electron,electron
999,muon,muon
1000,electron,electron
1001,electron,electron
1002,muon,electron
1003,muon,electron
1004,electron,muon
1005,electron,electron
1006,muon,muon
1007,muon,muon
1008,muon,muon
1009,muon,muon
1010,electron,electron
1011,electron,electron
1012,electron,electron
1013,muon,muon
1014,electron,electron
1015,electron,electron
1016,electron,electron
1017,muon,muon
1018,muon,electron
1019,muon,muon
1020,electron,electron
1021,electron,electron
1022,electron,electron
1023,electron,electron
1024,electron,muon
1025,muon,muon
1026,muon,muon
1027,electron,electron
1028,electron,electron
1029,muon,muon
1030,electron,electron
1031,muon,muon
1032,muon,electron
1033,muon,muon
1034,electron,electron
1035,muon,muon
1036,muon,electron
1037,electron,electron
1038,muon,muon
1039,electron,electron
1040,muon,muon
1041,muon,muon
1042,electron,electron
1043,muon,muon
1044,electron,electron
1045,muon,muon
1046,muon,muon
1047,electron,electron
1048,electron,muon
1049,electron,muon
1050,muon,electron
1051,muon,electron
1052,electron,electron
1053,muon,muon
1054,muon,muon
1055,electron,electron
1056,muon,muon
1057,muon,muon
1058,muon,electron
1059,electron,electron
1060,electron,electron
1061,muon,muon
1062,muon,electron
1063,muon,muon
1064,electron,electron
1065,electron,electron
1066,muon,muon
1067,muon,muon
1068,muon,muon
1069,electron,muon
1070,electron,muon
1071,electron,electron
1072,muon,muon
1073,muon,electron
1074,electron,electron
1075,electron,electron
1076,muon,muon
1077,muon,muon
1078,electron,muon
1079,electron,electron
1080,muon,muon
1081,electron,electron
1082,electron,muon
1083,electron,electron
1084,muon,muon
1085,electron,electron
1086,muon,muon
1087,muon,muon
1088,muon,muon
1089,muon,muon
1090,electron,muon
1091,electron,muon
1092,electron,muon
1093,electron,electron
1094,electron,electron
1095,electron,electron
1096,muon,muon
1097,muon,muon
1098,electron,electron
1099,electron,muon
1100,muon,muon
1101,electron,electron
1102,electron,electron
1103,muon,muon
1104,electron,electron
1105,electron,electron
1106,electron,electron
1107,muon,muon
1108,electron,electron
1109,electron,electron
1110,muon,muon
1111,electron,muon
1112,muon,muon
1113,muon,muon
1114,muon,muon
1115,muon,muon
1116,electron,electron
1117,electron,electron
1118,muon,muon
1119,electron,electron
1120,muon,electron
1121,electron,electron
1122,muon,electron
1123,electron,electron
1124,electron,electron
1125,muon,muon
1126,electron,electron
1127,electron,electron
1128,muon,muon
1129,muon,muon
1130,electron,electron
1131,electron,electron
1132,electron,electron
1133,muon,muon
1134,muon,muon
1135,muon,muon
1136,muon,muon
1137,muon,muon
1138,muon,muon
1139,muon,muon
1140,muon,muon
1141,electron,electron
1142,electron,electron
1143,muon,muon
1144,electron,electron
1145,electron,electron
1146,electron,muon
1147,electron,electron
1148,electron,electron
1149,muon,muon
1150,electron,electron
1151,electron,electron
1152,electron,electron
1153,muon,electron
1154,muon,muon
1155,electron,muon
1156,electron,electron
1157,muon,muon
1158,muon,muon
1159,muon,muon
1160,electron,electron
1161,muon,muon
1162,muon,muon
1163,electron,muon
1164,electron,electron
1165,muon,electron
1166,muon,muon
1167,electron,electron
1168,electron,electron
1169,electron,electron
1170,muon,electron
1171,electron,electron
1172,electron,electron
1173,electron,electron
1174,muon,muon
1175,muon,muon
1176,electron,electron
1177,electron,electron
1178,electron,electron
1179,electron,electron
1180,electron,muon
1181,muon,muon
1182,muon,electron
1183,muon,muon
1184,electron,electron
1185,muon,muon
1186,electron,muon
1187,electron,electron
1188,electron,electron
1189,muon,muon
1190,muon,muon
1191,muon,muon
1192,electron,electron
1193,electron,electron
1194,muon,muon
1195,electron,electron
1196,muon,muon
1197,muon,muon
1198,muon,muon
1199,muon,muon
1200,muon,muon
1201,electron,electron
1202,electron,electron
1203,muon,muon
1204,muon,muon
1205,muon,muon
1206,muon,muon
1207,muon,muon
1208,muon,muon
1209,electron,muon
1210,muon,muon
1211,electron,electron
1212,electron,muon
1213,electron,electron
1214,electron,electron
1215,muon,muon
1216,electron,electron
1217,electron,electron
1218,electron,electron
1219,muon,muon
1220,muon,muon
1221,electron,electron
1222,electron,electron
1223,electron,electron
1224,muon,muon
1225,electron,electron
1226,muon,muon
1227,muon,muon
1228,muon,electron
1229,electron,electron
1230,electron,muon
1231,electron,muon
1232,electron,electron
1233,electron,electron
1234,electron,electron
1235,electron,electron
1236,electron,electron
1237,muon,muon
1238,electron,muon
1239,muon,muon
1240,electron,electron
1241,electron,electron
1242,electron,electron
1243,muon,electron
1244,electron,electron
1245,electron,electron
1246,muon,muon
1247,electron,electron
1248,muon,electron
1249,electron,electron
1250,muon,electron
1251,electron,muon
1252,electron,electron
1253,muon,muon
1254,electron,electron
1255,electron,muon
1256,muon,muon
1257,muon,muon
1258,muon,muon
1259,electron,muon
1260,muon,muon
1261,electron,electron
1262,muon,muon
1263,muon,muon
1264,muon,electron
1265,muon,muon
1266,muon,muon
1267,electron,electron
1268,electron,electron
1269,muon,muon
1270,muon,electron
1271,muon,muon
1272,muon,muon
1273,electron,electron
1274,muon,muon
1275,muon,muon
1276,electron,electron
1277,electron,muon
1278,muon,electron
1279,electron,electron
1280,electron,electron
1281,muon,muon
1282,muon,muon
1283,muon,muon
1284,muon,muon
1285,muon,muon
1286,muon,muon
1287,muon,muon
1288,electron,electron
1289,muon,muon
1290,muon,muon
1291,muon,muon
1292,muon,muon
1293,muon,muon
1294,muon,muon
1295,electron,electron
1296,electron,electron
1297,muon,muon
1298,electron,electron
1299,muon,muon
1300,electron,electron
1301,electron,electron
1302,electron,electron
1303,electron,muon
1304,electron,electron
1305,electron,electron
1306,electron,muon
1307,muon,muon
1308,muon,muon
1309,electron,electron
1310,muon,muon
1311,electron,electron
1312,electron,electron
1313,muon,muon
1314,electron,electron
1315,electron,electron
1316,muon,muon
1317,electron,electron
1318,muon,muon
1319,electron,electron
1320,electron,electron
1321,electron,electron
1322,electron,electron
1323,electron,electron
1324,muon,muon
1325,muon,electron
1326,electron,electron
1327,muon,muon
1328,muon,muon
1329,muon,muon
1330,electron,electron
1331,muon,muon
1332,muon,muon
1333,muon,muon
1334,electron,electron
1335,muon,muon
1336,electron,electron
1337,muon,electron
1338,electron,electron
1339,muon,muon
1340,electron,electron
1341,muon,muon
1342,muon,electron
1343,muon,electron
1344,muon,muon
1345,muon,electron
1346,electron,electron
1347,muon,muon
1348,electron,muon
1349,muon,muon
1350,electron,electron
1351,electron,electron
1352,muon,electron
1353,muon,muon
1354,muon,muon
1355,muon,electron
1356,muon,muon
1357,electron,electron
1358,muon,muon
1359,muon,muon
1360,muon,muon
1361,electron,electron
1362,electron,electron
1363,electron,muon
1364,electron,electron
1365,electron,electron
1366,muon,muon
1367,muon,muon
1368,muon,electron
1369,muon,muon
1370,muon,muon
1371,muon,electron
1372,muon,electron
1373,electron,electron
1374,muon,muon
1375,electron,muon
1376,muon,muon
1377,electron,electron
1378,muon,muon
1379,electron,electron
1380,electron,electron
1381,muon,muon
1382,muon,muon
1383,electron,electron
1384,electron,electron
1385,muon,muon
1386,muon,muon
1387,electron,electron
1388,electron,electron
1389,electron,electron
1390,electron,electron
1391,muon,muon
1392,electron,electron
1393,muon,muon
1394,muon,muon
1395,electron,electron
1396,muon,muon
1397,muon,muon
1398,muon,muon
1399,muon,muon
1400,muon,muon
1401,muon,electron
1402,muon,electron
1403,electron,muon
1404,muon,muon
1405,electron,muon
1406,muon,electron
1407,electron,electron
1408,muon,muon
1409,muon,muon
1410,muon,electron
1411,muon,muon
1412,muon,muon
1413,muon,muon
1414,electron,electron
1415,muon,muon
1416,muon,muon
1417,muon,electron
1418,muon,muon
1419,muon,electron
1420,muon,electron
1421,electron,electron
1422,electron,muon
1423,electron,muon
1424,muon,muon
1425,muon,muon
1426,muon,muon
1427,muon,muon
1428,muon,muon
1429,muon,muon
1430,electron,electron
1431,muon,muon
1432,muon,muon
1433,electron,electron
1434,muon,electron
1435,muon,muon
1436,muon,muon
1437,muon,electron
1438,electron,electron
1439,electron,electron
1440,muon,muon
1441,muon,electron
1442,muon,muon
1443,electron,electron
1444,muon,muon
1445,electron,electron
1446,electron,electron
1447,muon,muon
1448,electron,muon
1449,electron,electron
1450,electron,electron
1451,muon,muon
1452,muon,muon
1453,muon,electron
1454,muon,muon
1455,electron,electron
1456,electron,electron
1457,electron,electron
1458,muon,electron
1459,muon,muon
1460,electron,electron
1461,electron,electron
1462,muon,muon
1463,electron,electron
1464,muon,muon
1465,muon,muon
1466,electron,electron
1467,electron,electron
1468,electron,electron
1469,muon,muon
1470,electron,electron
1471,muon,muon
1472,electron,electron
1473,muon,muon
1474,muon,muon
1475,muon,muon
1476,muon,muon
1477,muon,muon
1478,muon,muon
1479,electron,electron
1480,muon,muon
1481,muon,muon
1482,electron,electron
1483,muon,muon
1484,electron,muon
1485,electron,electron
1486,electron,electron
1487,electron,electron
1488,electron,muon
1489,muon,muon
1490,electron,electron
1491,muon,muon
1492,electron,electron
1493,muon,muon
1494,muon,muon
1495,muon,muon
1496,electron,muon
1497,muon,muon
1498,muon,electron
1499,electron,electron
1500,electron,electron
1501,electron,electron
1502,muon,muon
1503,electron,electron
1504,electron,electron
1505,muon,muon
1506,muon,muon
1507,electron,electron
1508,muon,electron
1509,electron,electron
1510,electron,electron
1511,muon,muon
1512,electron,muon
1513,muon,electron
1514,electron,electron
1515,electron,electron
1516,muon,muon
1517,electron,muon
1518,muon,muon
1519,muon,muon
1520,electron,electron
1521,muon,electron
1522,electron,muon
1523,muon,muon
1524,electron,electron
1525,electron,electron
1526,electron,electron
1527,muon,muon
1528,electron,electron
1529,electron,electron
1530,electron,electron
1531,electron,electron
1532,muon,muon
1533,muon,muon
1534,muon,muon
1535,muon,electron
1536,muon,muon
1537,electron,electron
1538,muon,muon
1539,muon,muon
1540,muon,electron
1541,electron,electron
1542,muon,muon
1543,electron,muon
1544,muon,muon
1545,electron,electron
1546,muon,muon
1547,muon,electron
1548,muon,electron
1549,muon,muon
1550,muon,electron
1551,muon,muon
1552,electron,electron
1553,electron,electron
1554,electron,electron
1555,muon,muon
1556,electron,electron
1557,electron,electron
1558,muon,muon
1559,electron,electron
1560,muon,electron
1561,muon,electron
1562,muon,electron
1563,electron,electron
1564,electron,electron
1565,muon,muon
1566,muon,muon
1567,muon,muon
1568,muon,muon
1569,muon,muon
1570,electron,muon
1571,electron,electron
1572,electron,electron
1573,electron,electron
1574,muon,muon
1575,electron,muon
1576,electron,electron
1577,muon,electron
1578,electron,electron
1579,electron,electron
1580,electron,electron
1581,electron,electron
1582,electron,electron
1583,muon,electron
1584,electron,electron
1585,electron,electron
1586,muon,muon
1587,electron,muon
1588,electron,electron
1589,electron,electron
1590,muon,muon
1591,electron,muon
1592,electron,muon
1593,muon,muon
1594,muon,muon
1595,electron,electron
1596,muon,muon
1597,muon,muon
1598,muon,muon
1599,electron,electron
1600,electron,electron
1601,muon,muon
1602,muon,muon
1603,electron,muon
1604,muon,muon
1605,electron,electron
1606,electron,electron
1607,electron,electron
1608,electron,electron
1609,electron,electron
1610,electron,electron
1611,muon,muon
1612,muon,muon
1613,muon,electron
1614,muon,muon
1615,electron,muon
1616,electron,electron
1617,muon,muon
1618,electron,electron
1619,electron,electron
1620,muon,muon
1621,muon,muon
1622,electron,electron
1623,electron,muon
1624,electron,electron
1625,electron,electron
1626,muon,muon
1627,electron,muon
1628,muon,muon
1629,electron,electron
1630,electron,electron
1631,electron,electron
1632,muon,muon
1633,electron,muon
1634,muon,muon
1635,muon,muon
1636,muon,muon
1637,muon,muon
1638,muon,muon
1639,muon,muon
1640,muon,muon
1641,electron,electron
1642,electron,muon
1643,electron,electron
1644,muon,muon
1645,muon,muon
1646,muon,muon
1647,muon,muon
1648,electron,electron
1649,electron,electron
1650,electron,electron
1651,electron,muon
1652,electron,electron
1653,muon,electron
1654,electron,electron
1655,electron,muon
1656,muon,muon
1657,electron,electron
1658,electron,electron
1659,muon,electron
1660,electron,electron
1661,muon,muon
1662,electron,electron
1663,muon,muon
1664,muon,muon
1665,electron,electron
1666,muon,muon
1667,muon,electron
1668,muon,muon
1669,electron,electron
1670,electron,electron
1671,electron,electron
1672,muon,electron
1673,muon,electron
1674,electron,muon
1675,electron,electron
1676,electron,electron
1677,electron,electron
1678,electron,electron
1679,electron,electron
1680,muon,muon
1681,electron,electron
1682,muon,muon
1683,electron,electron
1684,muon,electron
1685,muon,muon
1686,muon,muon
1687,muon,muon
1688,muon,muon
1689,electron,electron
1690,muon,muon
1691,electron,electron
1692,electron,electron
1693,electron,electron
1694,muon,muon
1695,muon,muon
1696,muon,muon
1697,electron,muon
1698,muon,muon
1699,muon,muon
1700,electron,electron
1701,muon,muon
1702,muon,muon
1703,electron,electron
1704,muon,electron
1705,electron,muon
1706,electron,electron
1707,muon,electron
1708,muon,electron
1709,muon,muon
1710,electron,electron
1711,electron,electron
1712,electron,muon
1713,muon,muon
1714,electron,electron
1715,muon,muon
1716,electron,electron
1717,electron,electron
1718,electron,electron
1719,muon,muon
1720,muon,muon
1721,electron,electron
1722,electron,muon
1723,electron,electron
1724,electron,electron
1725,electron,electron
1726,electron,electron
1727,muon,muon
1728,muon,muon
1729,muon,electron
1730,muon,electron
1731,muon,muon
1732,muon,muon
1733,muon,electron
1734,electron,muon
1735,muon,muon
1736,muon,muon
1737,muon,muon
1738,electron,muon
1739,muon,muon
1740,electron,electron
1741,muon,muon
1742,muon,muon
1743,muon,muon
1744,electron,electron
1745,electron,electron
1746,muon,muon
1747,electron,muon
1748,electron,electron
1749,electron,muon
1750,muon,muon
1751,electron,muon
1752,muon,muon
1753,electron,muon
1754,electron,electron
1755,electron,electron
1756,electron,muon
1757,electron,muon
1758,muon,electron
1759,muon,muon
1760,electron,electron
1761,electron,electron
1762,electron,electron
1763,muon,electron
1764,electron,electron
1765,muon,muon
1766,electron,muon
1767,electron,muon
1768,electron,electron
1769,electron,muon
1770,muon,electron
1771,muon,muon
1772,muon,electron
1773,muon,muon
1774,electron,electron
1775,muon,muon
1776,muon,muon
1777,electron,electron
1778,electron,electron
1779,electron,muon
1780,electron,electron
1781,muon,electron
1782,electron,electron
1783,muon,muon
1784,muon,electron
1785,muon,muon
1786,electron,electron
1787,electron,electron
1788,muon,electron
1789,electron,electron
1790,electron,electron
1791,electron,electron
1792,electron,electron
1793,electron,electron
1794,electron,electron
1795,muon,muon
1796,muon,muon
1797,electron,muon
1798,muon,muon
1799,muon,muon
1800,muon,electron
1801,muon,electron
1802,electron,electron
1803,muon,electron
1804,electron,electron
1805,electron,electron
1806,electron,electron
1807,muon,muon
1808,electron,electron
1809,muon,muon
1810,muon,muon
1811,electron,electron
1812,muon,muon
1813,muon,muon
1814,electron,electron
1815,muon,electron
1816,muon,muon
1817,muon,electron
1818,electron,electron
1819,electron,electron
1820,muon,muon
1821,muon,muon
1822,electron,electron
1823,electron,electron
1824,electron,muon
1825,electron,electron
1826,muon,muon
1827,muon,muon
1828,electron,electron
1829,electron,muon
1830,muon,muon
1831,electron,muon
1832,muon,muon
1833,muon,muon
1834,muon,muon
1835,electron,electron
1836,electron,electron
1837,muon,muon
1838,electron,electron
1839,muon,muon
1840,muon,muon
1841,muon,muon
1842,electron,electron
1843,muon,electron
1844,muon,muon
1845,muon,electron
1846,muon,electron
1847,muon,muon
1848,muon,muon
1849,electron,electron
1850,electron,electron
1851,muon,electron
1852,electron,electron
1853,electron,electron
1854,electron,electron
1855,muon,muon
1856,electron,electron
1857,muon,muon
1858,muon,muon
1859,electron,electron
1860,electron,muon
1861,muon,electron
1862,electron,electron
1863,electron,electron
1864,muon,muon
1865,muon,muon
1866,electron,muon
1867,electron,electron
1868,electron,muon
1869,muon,muon
1870,muon,muon
1871,muon,muon
1872,muon,muon
1873,electron,electron
1874,electron,electron
1875,electron,electron
1876,muon,electron
1877,electron,electron
1878,muon,muon
1879,electron,electron
1880,electron,muon
1881,electron,electron
1882,electron,muon
1883,muon,muon
1884,muon,muon
1885,electron,electron
1886,electron,muon
1887,electron,electron
1888,muon,electron
1889,electron,muon
1890,electron,electron
1891,muon,electron
1892,electron,muon
1893,muon,muon
1894,muon,electron
1895,electron,electron
1896,muon,electron
1897,electron,electron
1898,electron,electron
1899,muon,electron
1900,muon,muon
1901,electron,electron
1902,muon,muon
1903,muon,electron
1904,muon,muon
1905,muon,muon
1906,muon,muon
1907,electron,electron
1908,electron,electron
1909,electron,electron
1910,electron,electron
1911,electron,electron
1912,muon,muon
1913,electron,electron
1914,muon,electron
1915,muon,electron
1916,electron,muon
1917,electron,electron
1918,muon,muon
1919,electron,electron
1920,muon,muon
1921,electron,electron
1922,muon,muon
1923,muon,muon
1924,electron,electron
1925,electron,electron
1926,muon,muon
1927,electron,electron
1928,electron,electron
1929,electron,electron
1930,muon,muon
1931,electron,muon
1932,muon,muon
1933,electron,electron
1934,muon,muon
1935,electron,electron
1936,muon,electron
1937,muon,muon
1938,muon,electron
1939,electron,electron
1940,muon,muon
1941,electron,electron
1942,muon,muon
1943,muon,electron
1944,electron,electron
1945,electron,electron
1946,muon,electron
1947,muon,muon
1948,muon,muon
1949,electron,electron
1950,electron,electron
1951,muon,muon
1952,muon,muon
1953,muon,muon
1954,electron,electron
1955,muon,muon
1956,electron,electron
1957,electron,electron
1958,electron,electron
1959,muon,muon
1960,electron,electron
1961,electron,muon
1962,muon,electron
1963,electron,electron
1964,electron,electron
1965,muon,electron
1966,muon,muon
1967,muon,muon
1968,electron,electron
1969,electron,muon
1970,electron,electron
1971,electron,electron
1972,muon,electron
1973,muon,muon
1974,muon,muon
1975,electron,electron
1976,muon,electron
1977,muon,electron
1978,muon,muon
1979,muon,electron
1980,muon,muon
1981,electron,electron
1982,muon,electron
1983,electron,electron
1984,muon,muon
1985,electron,electron
1986,muon,muon
1987,electron,electron
1988,electron,electron
1989,muon,muon
1990,electron,electron
1991,electron,electron
1992,electron,electron
1993,muon,muon
1994,muon,electron
1995,electron,muon
1996,electron,electron
1997,muon,muon
1998,electron,muon
1999,electron,electron
2000,muon,muon
2001,muon,muon
2002,electron,electron
2003,electron,electron
2004,muon,electron
2005,muon,muon
2006,muon,muon
2007,muon,electron
2008,electron,electron
2009,muon,muon
2010,muon,muon
2011,electron,electron
2012,electron,electron
2013,electron,electron
2014,muon,muon
2015,electron,electron
2016,muon,muon
2017,muon,muon
2018,electron,electron
2019,muon,muon
2020,electron,electron
2021,electron,muon
2022,muon,muon
2023,muon,muon
2024,electron,electron
2025,electron,electron
2026,electron,muon
2027,muon,muon
2028,muon,muon
2029,muon,muon
2030,electron,muon
2031,muon,muon
2032,electron,electron
2033,electron,electron
2034,electron,muon
2035,muon,muon
2036,electron,electron
2037,electron,muon
2038,electron,electron
2039,muon,muon
2040,muon,muon
2041,muon,muon
2042,electron,electron
2043,muon,electron
2044,muon,muon
2045,muon,muon
2046,electron,electron
2047,electron,electron
2048,muon,electron
2049,muon,muon
2050,muon,electron
2051,electron,electron
2052,electron,electron
2053,muon,muon
2054,electron,electron
2055,electron,electron
2056,electron,electron
2057,electron,electron
2058,muon,muon
2059,electron,electron
2060,muon,muon
2061,muon,electron
2062,muon,electron
2063,muon,muon
2064,electron,electron
2065,muon,muon
2066,muon,muon
2067,muon,muon
2068,muon,muon
2069,electron,electron
2070,electron,muon
2071,electron,electron
2072,electron,electron
2073,electron,electron
2074,electron,electron
2075,muon,muon
2076,electron,electron
2077,muon,muon
2078,electron,electron
2079,muon,muon
2080,muon,muon
2081,electron,electron
2082,electron,electron
2083,muon,muon
2084,electron,electron
2085,electron,electron
2086,muon,muon
2087,muon,muon
2088,electron,electron
2089,muon,muon
2090,muon,electron
2091,electron,electron
2092,muon,muon
2093,electron,electron
2094,electron,electron
2095,electron,electron
2096,electron,electron
2097,electron,electron
2098,electron,electron
2099,muon,electron
2100,muon,muon
2101,electron,muon
2102,muon,electron
2103,electron,muon
2104,electron,muon
2105,muon,electron
2106,electron,electron
2107,muon,muon
2108,electron,electron
2109,electron,muon
2110,muon,muon
2111,electron,muon
2112,electron,electron
2113,electron,muon
2114,electron,electron
2115,muon,muon
2116,electron,muon
2117,muon,muon
2118,muon,muon
2119,muon,muon
2120,electron,electron
2121,electron,electron
2122,electron,electron
2123,muon,electron
2124,muon,muon
2125,muon,muon
2126,electron,electron
2127,electron,electron
2128,electron,electron
2129,electron,electron
2130,muon,muon
2131,muon,muon
2132,electron,electron
2133,electron,electron
2134,electron,electron
2135,muon,electron
2136,muon,muon
2137,electron,muon
2138,muon,muon
2139,electron,electron
2140,muon,muon
2141,electron,electron
2142,muon,muon
2143,muon,muon
2144,muon,muon
2145,muon,muon
2146,electron,electron
2147,electron,electron
2148,muon,muon
2149,electron,electron
2150,electron,electron
2151,electron,electron
2152,electron,electron
2153,electron,electron
2154,muon,muon
2155,electron,electron
2156,muon,muon
2157,muon,muon
2158,electron,electron
2159,electron,electron
2160,muon,muon
2161,muon,muon
2162,muon,muon
2163,muon,electron
2164,electron,electron
2165,muon,electron
2166,muon,muon
2167,electron,electron
2168,electron,electron
2169,muon,muon
2170,electron,electron
2171,muon,muon
2172,muon,muon
2173,muon,muon
2174,muon,muon
2175,muon,electron
2176,muon,muon
2177,muon,electron
2178,electron,electron
2179,electron,electron
2180,electron,electron
2181,muon,electron
2182,electron,electron
2183,muon,muon
2184,muon,electron
2185,muon,muon
2186,muon,muon
2187,muon,muon
2188,electron,electron
2189,muon,muon
2190,electron,electron
2191,electron,electron
2192,muon,electron
2193,muon,muon
2194,muon,muon
2195,muon,muon
2196,electron,electron
2197,electron,electron
2198,electron,electron
2199,muon,muon
2200,muon,electron
2201,electron,electron
2202,electron,electron
2203,electron,electron
2204,electron,electron
2205,electron,electron
2206,muon,muon
2207,muon,muon
2208,electron,electron
2209,electron,electron
2210,electron,electron
2211,electron,electron
2212,muon,muon
2213,electron,electron
2214,electron,electron
2215,muon,muon
2216,muon,muon
2217,electron,muon
2218,muon,muon
2219,muon,muon
2220,muon,muon
2221,muon,muon
2222,electron,electron
2223,electron,muon
2224,muon,muon
2225,electron,electron
2226,electron,electron
2227,muon,muon
2228,muon,electron
2229,electron,electron
2230,electron,electron
2231,muon,electron
2232,electron,electron
2233,electron,electron
2234,muon,muon
2235,electron,electron
2236,muon,muon
2237,muon,electron
2238,muon,electron
2239,muon,muon
2240,electron,electron
2241,electron,electron
2242,muon,electron
2243,muon,muon
2244,muon,muon
2245,electron,electron
2246,muon,electron
2247,electron,electron
2248,electron,electron
2249,muon,electron
2250,electron,electron
2251,muon,muon
2252,muon,muon
2253,muon,muon
2254,electron,electron
2255,electron,electron
2256,muon,muon
2257,electron,electron
2258,muon,electron
2259,muon,muon
2260,electron,electron
2261,muon,muon
2262,electron,muon
2263,muon,muon
2264,muon,electron
2265,electron,electron
2266,muon,muon
2267,electron,electron
2268,muon,muon
2269,muon,muon
2270,muon,electron
2271,electron,muon
2272,electron,muon
2273,muon,muon
2274,electron,electron
2275,muon,muon
2276,muon,muon
2277,electron,electron
2278,muon,muon
2279,electron,muon
2280,electron,electron
2281,electron,muon
2282,muon,muon
2283,electron,muon
2284,muon,muon
2285,electron,electron
2286,muon,electron
2287,electron,electron
2288,muon,electron
2289,muon,muon
2290,muon,muon
2291,electron,electron
2292,muon,muon
2293,electron,electron
2294,muon,muon
2295,electron,electron
2296,muon,muon
2297,muon,muon
2298,muon,muon
2299,muon,electron
2300,electron,electron
2301,muon,electron
2302,muon,muon
2303,electron,electron
2304,electron,muon
2305,muon,muon
2306,muon,muon
2307,electron,muon
2308,muon,muon
2309,electron,muon
2310,muon,electron
2311,electron,electron
2312,muon,muon
2313,electron,electron
2314,electron,electron
2315,muon,muon
2316,electron,muon
2317,electron,electron
2318,muon,muon
2319,muon,muon
2320,muon,muon
2321,electron,electron
2322,electron,electron
2323,muon,electron
2324,muon,muon
2325,electron,electron
2326,muon,muon
2327,electron,electron
2328,electron,electron
2329,electron,electron
2330,electron,electron
2331,muon,muon
2332,electron,electron
2333,muon,electron
2334,muon,electron
2335,electron,electron
2336,electron,electron
2337,muon,muon
2338,muon,muon
2339,muon,muon
2340,electron,electron
2341,electron,electron
2342,electron,electron
2343,electron,electron
2344,muon,electron
2345,electron,electron
2346,muon,muon
2347,muon,muon
2348,electron,electron
2349,electron,muon
2350,electron,muon
2351,muon,muon
2352,muon,muon
2353,electron,electron
2354,electron,electron
2355,electron,electron
2356,electron,electron
2357,muon,muon
2358,muon,muon
2359,electron,electron
2360,electron,electron
2361,muon,muon
2362,muon,muon
2363,muon,electron
2364,electron,muon
2365,electron,electron
2366,muon,electron
2367,electron,electron
2368,muon,muon
2369,electron,electron
2370,muon,muon
2371,electron,electron
2372,electron,electron
2373,muon,muon
2374,electron,electron
2375,muon,electron
2376,muon,muon
2377,muon,muon
2378,electron,electron
2379,muon,electron
2380,electron,muon
2381,muon,muon
2382,electron,electron
2383,electron,electron
2384,electron,electron
2385,electron,electron
2386,electron,electron
2387,muon,muon
2388,muon,muon
2389,electron,electron
2390,electron,electron
2391,electron,electron
2392,electron,electron
2393,muon,muon
2394,electron,electron
2395,muon,electron
2396,muon,electron
2397,electron,electron
2398,electron,electron
2399,electron,electron
2400,muon,muon
2401,muon,muon
2402,electron,electron
2403,electron,electron
2404,electron,electron
2405,electron,electron
2406,electron,electron
2407,muon,muon
2408,muon,muon
2409,muon,muon
2410,muon,muon
2411,muon,muon
2412,muon,electron
2413,muon,muon
2414,electron,electron
2415,muon,electron
2416,muon,muon
2417,muon,muon
2418,muon,muon
2419,electron,electron
2420,electron,electron
2421,muon,muon
2422,electron,electron
2423,electron,electron
2424,electron,electron
2425,electron,electron
2426,electron,muon
2427,muon,muon
2428,electron,electron
2429,electron,electron
2430,muon,muon
2431,electron,muon
2432,electron,electron
2433,electron,electron
2434,electron,electron
2435,electron,electron
2436,electron,electron
2437,muon,electron
2438,electron,electron
2439,muon,muon
2440,muon,electron
2441,electron,electron
2442,muon,electron
2443,electron,muon
2444,muon,muon
2445,electron,muon
2446,muon,muon
2447,muon,muon
2448,electron,muon
2449,muon,muon
2450,electron,electron
2451,electron,muon
2452,electron,electron
2453,electron,electron
2454,muon,muon
2455,electron,electron
2456,muon,muon
2457,electron,electron
2458,muon,muon
2459,electron,electron
2460,muon,electron
2461,electron,electron
2462,electron,electron
2463,muon,muon
2464,electron,electron
2465,muon,muon
2466,electron,electron
2467,electron,electron
2468,muon,muon
2469,electron,electron
2470,muon,electron
2471,muon,electron
2472,muon,muon
2473,electron,electron
2474,muon,electron
2475,electron,electron
2476,electron,muon
2477,electron,muon
2478,electron,electron
2479,muon,electron
2480,electron,muon
2481,muon,muon
2482,electron,electron
2483,electron,electron
2484,electron,electron
2485,muon,muon
2486,electron,electron
2487,electron,muon
2488,muon,muon
2489,electron,muon
2490,electron,electron
2491,muon,electron
2492,electron,muon
2493,electron,electron
2494,muon,muon
2495,electron,electron
2496,electron,electron
2497,electron,electron
2498,electron,electron
2499,muon,muon
2500,muon,muon
2501,electron,electron
2502,muon,muon
2503,muon,muon
2504,muon,electron
2505,electron,electron
2506,muon,muon
2507,muon,electron
2508,muon,muon
2509,muon,muon
2510,muon,muon
2511,electron,electron
2512,muon,muon
2513,muon,muon
2514,muon,electron
2515,muon,muon
2516,muon,electron
2517,electron,electron
2518,electron,muon
2519,muon,muon
2520,electron,electron
2521,muon,muon
2522,electron,electron
2523,muon,electron
2524,electron,electron
2525,muon,muon
2526,muon,muon
2527,muon,muon
2528,muon,muon
2529,muon,muon
2530,muon,muon
2531,electron,electron
2532,electron,electron
2533,muon,muon
2534,electron,electron
2535,electron,muon
2536,muon,muon
2537,electron,muon
2538,muon,muon
2539,electron,electron
2540,electron,muon
2541,electron,electron
2542,muon,muon
2543,muon,muon
2544,electron,electron
2545,muon,muon
2546,muon,muon
2547,muon,muon
2548,electron,electron
2549,muon,muon
2550,electron,electron
2551,muon,muon
2552,electron,electron
2553,electron,electron
2554,muon,muon
2555,muon,muon
2556,muon,muon
2557,muon,electron
2558,muon,muon
2559,electron,electron
2560,electron,electron
2561,muon,electron
2562,muon,muon
2563,muon,electron
2564,muon,electron
2565,muon,muon
2566,electron,electron
2567,electron,electron
2568,electron,electron
2569,electron,electron
2570,electron,electron
2571,muon,muon
2572,electron,electron
2573,muon,muon
2574,electron,electron
2575,muon,muon
2576,muon,muon
2577,electron,electron
2578,muon,electron
2579,muon,muon
2580,electron,electron
2581,electron,electron
2582,muon,muon
2583,muon,muon
2584,electron,electron
2585,electron,electron
2586,electron,electron
2587,muon,muon
2588,electron,electron
2589,electron,electron
2590,electron,electron
2591,muon,muon
2592,muon,muon
2593,muon,electron
2594,muon,muon
2595,electron,electron
2596,electron,electron
2597,muon,muon
2598,muon,electron
2599,muon,muon
2600,muon,muon
2601,muon,muon
2602,muon,muon
2603,electron,muon
2604,electron,electron
2605,electron,electron
2606,electron,electron
2607,electron,electron
2608,muon,electron
2609,electron,electron
2610,muon,electron
2611,muon,electron
2612,muon,muon
2613,electron,electron
2614,muon,muon
2615,electron,electron
2616,electron,electron
2617,electron,electron
2618,muon,electron
2619,muon,muon
2620,muon,muon
2621,muon,muon
2622,electron,electron
2623,muon,muon
2624,electron,electron
2625,muon,muon
2626,electron,electron
2627,electron,electron
2628,electron,electron
2629,electron,electron
2630,electron,electron
2631,muon,muon
2632,muon,muon
2633,electron,electron
2634,muon,muon
2635,muon,muon
2636,electron,electron
2637,electron,electron
2638,electron,muon
2639,muon,muon
2640,muon,muon
2641,electron,muon
2642,electron,electron
2643,electron,electron
2644,muon,muon
2645,electron,electron
2646,electron,electron
2647,electron,electron
2648,muon,muon
2649,muon,muon
2650,muon,electron
2651,muon,muon
2652,muon,electron
2653,electron,electron
2654,electron,electron
2655,electron,electron
2656,muon,electron
2657,electron,electron
2658,electron,muon
2659,electron,electron
2660,electron,electron
2661,electron,electron
2662,muon,electron
2663,muon,muon
2664,electron,electron
2665,electron,electron
2666,muon,muon
2667,electron,electron
2668,electron,electron
2669,electron,electron
2670,muon,muon
2671,muon,muon
2672,muon,electron
2673,muon,muon
2674,electron,electron
2675,electron,electron
2676,electron,electron
2677,muon,muon
2678,muon,muon
2679,electron,electron
2680,electron,electron
2681,muon,muon
2682,muon,muon
2683,electron,electron
2684,electron,electron
2685,electron,electron
2686,muon,electron
2687,electron,electron
2688,muon,muon
2689,muon,muon
2690,electron,electron
2691,muon,muon
2692,electron,muon
2693,electron,electron
2694,electron,electron
2695,electron,electron
2696,electron,muon
2697,electron,muon
2698,muon,muon
2699,electron,muon
2700,electron,muon
2701,muon,muon
2702,electron,electron
2703,electron,electron
2704,electron,electron
2705,muon,muon
2706,electron,electron
2707,electron,electron
2708,muon,muon
2709,muon,muon
2710,muon,muon
2711,muon,muon
2712,electron,electron
2713,muon,electron
2714,electron,muon
2715,electron,electron
2716,electron,electron
2717,electron,electron
2718,electron,muon
2719,electron,electron
2720,electron,electron
2721,muon,muon
2722,muon,electron
2723,electron,electron
2724,electron,electron
2725,electron,electron
2726,muon,electron
2727,muon,electron
2728,muon,muon
2729,muon,muon
2730,electron,electron
2731,muon,electron
2732,muon,muon
2733,muon,muon
2734,electron,electron
2735,muon,muon
2736,electron,electron
2737,electron,electron
2738,electron,electron
2739,electron,electron
2740,muon,electron
2741,electron,muon
2742,muon,muon
2743,muon,muon
2744,muon,muon
2745,muon,electron
2746,electron,electron
2747,muon,electron
2748,muon,electron
2749,electron,electron
2750,electron,electron
2751,muon,muon
2752,electron,muon
2753,electron,electron
2754,electron,electron
2755,electron,muon
2756,electron,electron
2757,electron,electron
2758,electron,electron
2759,muon,muon
2760,muon,muon
2761,muon,muon
2762,muon,electron
2763,muon,muon
2764,electron,electron
2765,muon,muon
2766,muon,muon
2767,electron,electron
2768,electron,muon
2769,muon,muon
2770,electron,electron
2771,muon,muon
2772,muon,muon
2773,muon,electron
2774,muon,muon
2775,electron,electron
2776,electron,electron
2777,electron,electron
2778,muon,muon
2779,electron,electron
2780,electron,electron
2781,muon,muon
2782,muon,muon
2783,muon,muon
2784,electron,muon
2785,muon,electron
2786,electron,electron
2787,electron,electron
2788,electron,electron
2789,electron,muon
2790,electron,electron
2791,electron,electron
2792,electron,electron
2793,electron,electron
2794,muon,muon
2795,muon,muon
2796,electron,electron
2797,muon,muon
2798,electron,electron
2799,muon,muon
2800,electron,electron
2801,electron,electron
2802,electron,electron
2803,electron,electron
2804,muon,muon
2805,muon,muon
2806,muon,electron
2807,electron,muon
2808,muon,muon
2809,electron,electron
2810,muon,muon
2811,muon,muon
2812,muon,muon
2813,electron,electron
2814,electron,electron
2815,muon,muon
2816,muon,muon
2817,electron,muon
2818,electron,electron
2819,electron,electron
2820,muon,muon
2821,electron,electron
2822,electron,electron
2823,electron,muon
2824,muon,muon
2825,muon,muon
2826,muon,muon
2827,muon,muon
2828,electron,electron
2829,electron,muon
2830,muon,muon
2831,muon,muon
2832,electron,electron
2833,muon,muon
2834,muon,muon
2835,muon,muon
2836,electron,electron
2837,muon,muon
2838,muon,muon
2839,electron,muon
2840,electron,electron
2841,electron,electron
2842,muon,muon
2843,electron,electron
2844,muon,muon
2845,electron,electron
2846,muon,muon
2847,muon,electron
2848,muon,muon
2849,electron,electron
2850,muon,muon
2851,muon,muon
2852,muon,muon
2853,muon,muon
2854,muon,electron
2855,muon,muon
2856,electron,electron
2857,muon,muon
2858,electron,muon
2859,muon,electron
2860,muon,muon
2861,muon,muon
2862,electron,electron
2863,muon,muon
2864,electron,electron
2865,muon,muon
2866,electron,electron
2867,muon,muon
2868,electron,electron
2869,electron,electron
2870,electron,electron
2871,muon,muon
2872,electron,electron
2873,muon,muon
2874,muon,electron
2875,muon,muon
2876,electron,electron
2877,muon,electron
2878,electron,electron
2879,electron,electron
2880,electron,electron
2881,electron,muon
2882,muon,muon
2883,electron,electron
2884,muon,muon
2885,muon,muon
2886,muon,electron
2887,muon,muon
2888,muon,muon
2889,electron,electron
2890,muon,muon
2891,electron,muon
2892,muon,electron
2893,electron,electron
2894,electron,electron
2895,muon,muon
2896,electron,electron
2897,electron,electron
2898,electron,electron
2899,muon,muon
2900,muon,electron
2901,muon,muon
2902,muon,muon
2903,electron,electron
2904,muon,electron
2905,muon,muon
2906,muon,muon
2907,electron,muon
2908,electron,electron
2909,muon,electron
2910,muon,muon
2911,muon,muon
2912,muon,muon
2913,muon,muon
2914,electron,electron
2915,muon,muon
2916,electron,electron
2917,muon,muon
2918,electron,electron
2919,muon,electron
2920,muon,electron
2921,muon,muon
2922,muon,muon
2923,muon,muon
2924,muon,muon
2925,muon,muon
2926,muon,muon
2927,electron,electron
2928,muon,electron
2929,electron,muon
2930,muon,muon
2931,muon,muon
2932,electron,electron
2933,muon,muon
2934,muon,muon
2935,electron,electron
2936,electron,electron
2937,muon,muon
2938,electron,electron
2939,electron,electron
2940,electron,electron
2941,electron,electron
2942,muon,muon
2943,muon,muon
2944,muon,muon
2945,muon,muon
2946,muon,muon
2947,electron,electron
2948,electron,electron
2949,electron,electron
2950,electron,electron
2951,electron,electron
2952,muon,electron
2953,muon,muon
2954,muon,muon
2955,electron,electron
2956,electron,electron
2957,muon,electron
2958,muon,muon
2959,electron,muon
2960,electron,electron
2961,electron,electron
2962,muon,muon
2963,muon,muon
2964,electron,electron
2965,muon,electron
2966,electron,electron
2967,electron,electron
2968,electron,electron
2969,muon,muon
2970,muon,muon
2971,muon,muon
2972,electron,electron
2973,muon,muon
2974,electron,electron
2975,muon,muon
2976,electron,electron
2977,electron,electron
2978,electron,muon
2979,electron,electron
2980,electron,electron
2981,muon,muon
2982,muon,muon
2983,electron,electron
2984,electron,electron
2985,electron,electron
2986,muon,muon
2987,muon,muon
2988,electron,electron
2989,muon,muon
2990,electron,electron
2991,muon,muon
2992,electron,electron
2993,muon,muon
2994,electron,electron
2995,electron,muon
2996,electron,electron
2997,electron,electron
2998,muon,muon
2999,electron,electron
3000,muon,muon
3001,muon,electron
3002,muon,muon
3003,electron,muon
3004,electron,electron
3005,muon,electron
3006,electron,muon
3007,muon,muon
3008,muon,electron
3009,electron,electron
3010,muon,muon
3011,electron,electron
3012,muon,electron
3013,electron,electron
3014,electron,electron
3015,muon,muon
3016,electron,muon
3017,electron,electron
3018,electron,electron
3019,electron,muon
3020,muon,muon
3021,electron,electron
3022,electron,electron
3023,electron,electron
3024,muon,muon
3025,electron,electron
3026,muon,muon
3027,electron,electron
3028,electron,electron
3029,electron,electron
3030,electron,electron
3031,muon,muon
3032,muon,muon
3033,electron,electron
3034,electron,electron
3035,electron,electron
3036,muon,muon
3037,muon,muon
3038,muon,muon
3039,muon,muon
3040,electron,electron
3041,electron,electron
3042,electron,muon
3043,electron,electron
3044,electron,electron
3045,muon,electron
3046,electron,electron
3047,muon,muon
3048,electron,electron
3049,electron,electron
3050,electron,electron
3051,electron,muon
3052,muon,electron
3053,electron,electron
3054,electron,electron
3055,electron,electron
3056,electron,electron
3057,muon,muon
3058,muon,muon
3059,muon,muon
3060,muon,muon
3061,electron,electron
3062,electron,electron
3063,electron,electron
3064,electron,electron
3065,electron,electron
3066,muon,muon
3067,muon,muon
3068,muon,muon
3069,muon,muon
3070,muon,muon
3071,electron,electron
3072,muon,muon
3073,muon,electron
3074,muon,electron
3075,electron,muon
3076,electron,electron
3077,electron,electron
3078,muon,muon
3079,muon,electron
3080,muon,muon
3081,muon,muon
3082,electron,electron
3083,electron,electron
3084,muon,muon
3085,muon,muon
3086,electron,electron
3087,electron,electron
3088,muon,muon
3089,muon,muon
3090,muon,muon
3091,muon,muon
3092,electron,electron
3093,muon,muon
3094,electron,electron
3095,electron,electron
3096,electron,electron
3097,electron,muon
3098,electron,electron
3099,muon,muon
3100,muon,electron
3101,electron,electron
3102,electron,electron
3103,muon,electron
3104,electron,electron
3105,muon,electron
3106,electron,electron
3107,electron,electron
3108,muon,electron
3109,muon,electron
3110,muon,electron
3111,electron,muon
3112,muon,muon
3113,electron,electron
3114,electron,electron
3115,muon,muon
3116,muon,muon
3117,muon,electron
3118,muon,muon
3119,muon,muon
3120,electron,electron
3121,electron,electron
3122,electron,electron
3123,muon,muon
3124,electron,electron
3125,electron,electron
3126,electron,electron
3127,muon,electron
3128,electron,electron
3129,muon,muon
3130,electron,muon
3131,muon,electron
3132,muon,muon
3133,electron,muon
3134,electron,electron
3135,electron,electron
3136,electron,electron
3137,muon,muon
3138,muon,muon
3139,electron,electron
3140,electron,electron
3141,muon,muon
3142,electron,electron
3143,electron,electron
3144,muon,muon
3145,muon,muon
3146,muon,electron
3147,muon,muon
3148,electron,electron
3149,muon,muon
3150,muon,muon
3151,muon,muon
3152,muon,muon
3153,electron,electron
3154,muon,muon
3155,electron,electron
3156,electron,electron
3157,muon,muon
3158,electron,electron
3159,muon,electron
3160,muon,muon
3161,electron,electron
3162,electron,electron
3163,muon,electron
3164,electron,electron
3165,electron,electron
3166,muon,muon
3167,electron,electron
3168,muon,muon
3169,muon,muon
3170,muon,muon
3171,electron,electron
3172,electron,electron
3173,muon,electron
3174,electron,muon
3175,electron,electron
3176,electron,electron
3177,electron,electron
3178,muon,muon
3179,electron,electron
3180,electron,electron
3181,electron,electron
3182,electron,electron
3183,muon,electron
3184,electron,electron
3185,muon,muon
3186,muon,muon
3187,electron,electron
3188,muon,muon
3189,electron,electron
3190,muon,muon
3191,electron,muon
3192,muon,muon
3193,muon,muon
3194,muon,muon
3195,muon,electron
3196,muon,muon
3197,electron,electron
3198,muon,muon
3199,electron,electron
